Pdbid,Sequence
>1MBA_Aplysia_limacina1,XSLSAAEADLAGKSWAPVFANKNANGLDFLVALFEKFPDSANFFADFKGKSVADIKASPKLRDVSSRIFTRLNEFVNNAANAGKMSAMLSQFAKEHVGFGVGSAQFENVRSMFPGFVASVAAPPAGADAAWTKLFGLIIDALKAAGA
>1RCB_Homo_sapiens1,HKCDITLQEIIKTLNSLTEQKTLCTELTVTDIFAASKNTTEKETFCRAATVLRQFYSHHEKDTRCLGATAQQFHRHKQLIRFLKRLDRNLWGLAGLNSCPVKEANQSTLENFLERLKTIMREKYSKCSS
>2HMQ_Themiste_dyscritum1,GFPIPDPYCWDISFRTFYTIIDDEHKTLFNGILLLSQADNADHLNELRRCTGKHFLNEQQLMQASQYAGYAEHKKAHDDFIHKLDTWDGDVTYAKNWLVNHIKTIDFKYRGKI
>1FHA_Homo_sapiens1,MTTASTSQVRQNYHQDSEAAINRQINLELYASYVYLSMSYYFDRDDVALKNFAKYFLHQSHEEREHAEKLMKLQNQRGGRIFLQDIQKPDCDDWESGLNAMECALHLEKNVNQSLLELHKLATDKNDPHLCDFIETHYLNEQVKAIKELGDHVTNLRKMGAPESGLAEYLFDKHTLGDSDNES
>1RCI_Rana_catesbeiana1,MESQVRQNFHQDCEAGLNRTVNLKFYSSYVYLSMASYFNRDDVALSNFAKFFRERSEEEKEHAEKLIEYQNQRGGRVFLQSVEKPERDDWANGLEALQTALKLQKSVNQALLDLHAVAADKSDPHMTDFLESPYLSESVETIKKLGDHITSLKKLWSSHPGMAEYLFNKHTLG
>1PLC_Populus_nigra2,IDVLLGADDGSLAFVPSEFSISPGEKIVFKNNAGFPHNIVFDEDSIPSGVDASKISMSEEDLLNAKGETFEVALSNKGEYSFYCSPHQGAGMVGKVTVN
>4FGF_Homo_sapiens2,PALPEDGGSGAFPPGHFKDPKRLYCKNGGFFLRIHPDGRVDGVREKSDPHIKLQLQAEERGVVSIKGVCANRYLAMKEDGRLLASKCVTDECFFFERLESNNYNTYRSRKYTSWYVALKRTGQYKLGSKTGPGQKAILFLPMSAKS
>1NOAStreptomyces_carzinostaticus2,AAPTATVTPSSGLSDGTVVKVAGAGLQAGTAYDVGQCAWVDTGVLACNPADFSSVTADANGSASTSLTVRRSFEGFLFDGTRWGTVDCTTAACQVGLSDAAGNGPEGVAISFN
>1CDC_Rattus_norvegicus2,RDSGTVWGALGHGINLNIPNFQMTDDIDEVRWERGSTLVAEFKRKMKPFLKSGAFEILANGDLKIKNLTRDDSGTYNVTVYSTNGTRILDKALDLRILE
>1CD8_Homo_sapiens2,SQFRVSPLDRTWNLGETVELKCQVLLSNPTSGCSWLFQPRGAAASPTFLLYLSQNKPKAAEGLDTQRFSGKRLGDTFVLTLSDFRRENEGYYFCSALSNSIMYFSHFVPVFLPA
>1SHA_Rous_sarcoma_virus3,QAEEWYFGKITRRESERLLLNPENPRGTFLVRESETTKGAYCLSVSDFDNAKGLNVKHYKIRKLDSGGFYITSRTQFSSLQQLVAYYSKHADGLCHRLTNVCPT
>1UBQ_Homo_sapiens3,MQIFVKTLTGKTITLEVEPSDTIENVKAKIQDKEGIPPDQQRLIFAGKQLEDGRTLSDYNIQKESTLHLVLRLRGG
>1AYD_Mus_musculus3,MRRWFHPNITGVEAENLLLTRGVDGSFLARPSKSNPGDFTLSVRRNGAVTHIKIQNTGDYYDLYGGEKFATLAELVQYYMEHHGQLKEKNGDVIELKYPLN
>7RSA_Bos_taurus3,KETAAAKFERQHMDSSTSAASSSNYCNQMMKSRNLTKDRCKPVNTFVHESLADVQAVCSQKNVACKNGQTNCYQSYSTMSITDCRETGSSKYPNCAYKTTQANKHIIVACEGNPYVPVHFDASV
>3IL8_Homo_sapiens3,SAKELRCQCIKTYSKPFHPKFIKELRVIESGPHCANTEIIVKLSDGRELCLDPKENWVQRVVEKFLKRAENS
>1BKS_Salmonella_typhimurium4,MERYENLFAQLNDRREGAFVPFVTLGDPGIEQSLKIIDTLIDAGADALELGVPFSDPLADGPTIQNANLRAFAAGVTPAQCFEMLALIREKHPTIPIGLLMYANLVFNNGIDAFYARCEQVGVDSVLVADVPVEESAPFRQAALRHNIAPIFICPPNADDDLLRQVASYGRGYTYLLSRSGVTGAENRGALPLHHLIEKLKEYHAAPALQGFGISSPEQVSAAVRAGAAGAISGSAIVKIIEKNLASPKQMLAELRSFVSAMKAASRA
>2PGD_Ovis_aries4,AQADIALIGLAVMGQNLILNMNDHGFVVCAFNRTVSKVDDFLANEAKGTKVLGAHSLEEMVSKLKKPRRIILLVKAGQAVDNFIEKLVPLLDIGDIIIDGGNSEYRDTMRRCRDLKDKGILFVGSGVSGGEDGARYGPSLMPGGNKEAWPHIKAIFQGIAAKVGTGEPCCDWVGDDGAGHFVKMVHNGIEYGDMQLICEAYHLMKDVLGLGHKEMAKAFEEWNKTELDSFLIEITASILKFQDADGKHLLPKIRDSAGQKGTGKWTAISALEYGVPVTLIGEAVFARCLSSLKDERIQASKKLKGPQNIPFEGDKKSFLEDIRKALYASKIISYAQGFMLLRQAATEFGWTLNYGGIALMWRGGCIIRSVFLGKIKDAFDRNPGLQNLLLDDFFKSAVENCQDSWRRAISTGVQAGIPMPCFTTALSFYDGYRHAMLPANLIQAQRDYFGAHTYELLAKPGQFIHTNWTGHGGSVSSSSYNA
>2TRX_Escherichia_coli4,SDKIIHLTDDSFDTDVLKADGAILVDFWAEWCGPCKMIAPILDEIADEYQGKLTVAKLNIDQNPGTAPKYGIRGIPTLLLFKNGEVAATKVGALSKGQLKEFLDANLA
>5P21_Homo_sapiens4,MTEYKLVVVGAGGVGKSALTIQLIQNHFVDEYDPTIEDSYRKQVVIDGETCLLDILDTAGQEEYSAMRDQYMRTGEGFLCVFAINNTKSFEDIHQYREQIKRVKDSDDVPMVLVGNKCDLAARTVESRQAQDLARSYGIPYIETSAKTRQGVEDAFYTLVREIRQH
